9789888139811	9789888139828	1.0	1.0	Buying beauty :
9789888139620	9789888139156	1.0	1.0	Sex and desire in Hong Kong /
9789888139583	EBL1073551	1.0	1.0	Islam in Hong Kong :
9789888139583	9789888139576	1.0	1.0	Islam in Hong Kong :
9789888139514	9789888083428	1.0	1.0	Learning and teaching in the Chinese classroom :
9789888139347	EBL1073549	1.0	1.0	Queer Singapore :
9789888139347	9789888139330	1.0	1.0	Queer Singapore :
9789888083428	EBL1043395	1.0	1.0	Learning and teaching in the chinese classroom :
9789888083237	9789888083244	1.0	1.0	Imagining Gay paradise :
9789888083084	EBL863897	1.0	1.0	Queer politics and sexual modernity in Taiwan /
9789888083084	9789888083077	1.0	1.0	Queer politics and sexual modernity in Taiwan /
9789888083022	9789888083015	1.0	1.0	Conditional spaces :
9789888028849	EBL863886	1.0	1.0	Return migration and identity :
9789888028849	9789888028832	1.0	1.0	Return migration and identity :
9789888028818	08712517X	1.0	1.0	Rebuilding the ancestral village :
9789888028795	EBL863869	1.0	1.0	English as a Lingua Franca in ASEAN :
9789888028672	EBL863877	1.0	1.0	Korean masculinities and transcultural consumption :
9789888028672	9789888028665	1.0	1.0	Korean masculinities and transcultural consumption :
9789888028474	EBL677303	1.0	1.0	Service-learning in Asia :
9789888028085	EBL677506	1.0	1.0	Where there are Asians, there are rice cookers :
9789888028023	EBL677237	1.0	1.0	Curriculum, schooling and society in Hong Kong /
9789888028016	9789888028023	1.0	1.0	Curriculum, schooling and society in Hong Kong /
9789881785237	EBL971890	1.0	1.0	Portraits of 21st century Chinese universities :
9789881785237	9789400727885	1.0	1.0	Portraits of 21st century Chinese universities :
9789881785237	377595225	1.0	1.0	Portraits of 21st century Chinese universities :
9789881785220	EBL885930	1.0	1.0	Citizenship pedagogies in Asia and the Pacific /
9789881727336	9789889997441	1.0	1.0	The synthetic phonics toolkit :
9789814522731	EBL312337	1.0	1.0	Principles of artificial neural networks /
9789814436359	9789814436366	1.0	1.0	The protein folding problem and its solutions /
9789814436304	9789814436311	1.0	1.0	The geology of the modern cancer epidemic :
9789814436212	EBL312339	1.0	1.0	Quantitative and empirical analysis of energy markets /
9789814425346	9789814289108	1.0	1.0	China's exchange rate system reform :
9789814401654	091145317	1.0	1.0	From Adam Smith to Michael Porter :
9789814401234	EBL234358	1.0	1.0	Information theory and evolution /
9789814401234	335866565	1.0	1.0	Information theory and evolution /
9789814401227	EBL234358	1.0	1.0	Information theory and evolution /
9789814401227	9789814401234	1.0	1.0	Information theory and evolution /
9789814401227	335866565	1.0	1.0	Information theory and evolution /
9789814382366	EBL433488	1.0	1.0	Managing in the discomfort zone :
9789814365710	9789814365727	1.0	1.0	An introduction to metabolic and cellular engineering /
9789814350846	EBL919077	1.0	1.0	Mathematical thinking :
9789814350846	9789814350839	1.0	1.0	Mathematical thinking :
9789814350426	EBL259282	1.0	1.0	Islamic banking and finance in South-East Asia :
9789814339827	9789814332323	1.0	1.0	A history of journalism in China.
9789814339827	9789814332316	1.0	1.0	A history of journalism in China.
9789814339827	9789814332309	1.0	1.0	A history of journalism in China.
9789814338882	9789814338899	1.0	1.0	Ad hoc and sensor networks :
9789814332477	9789814332163	1.0	1.0	Reform and development of China's economy.
9789814332347	9789814332323	1.0	1.0	A history of journalism in China /
9789814332347	9789814332316	1.0	1.0	A history of journalism in China /
9789814332347	9789814332309	1.0	1.0	A history of journalism in China /
9789814332330	9789814332323	1.0	1.0	A history of journalism in China /
9789814332330	9789814332316	1.0	1.0	A history of journalism in China /
9789814332330	9789814332309	1.0	1.0	A history of journalism in China /
9789814332316	9789814332323	1.0	1.0	A history of journalism in China /
9789814332316	9789814332309	1.0	1.0	A history of journalism in China /
9789814332309	9789814332323	1.0	1.0	A history of journalism in China /
9789814332293	9789814332323	1.0	1.0	A history of journalism in China /
9789814332293	9789814332316	1.0	1.0	A history of journalism in China /
9789814332293	9789814332309	1.0	1.0	A history of journalism in China /
9789814332286	9789814332323	1.0	1.0	A history of journalism in China /
9789814332286	9789814332316	1.0	1.0	A history of journalism in China /
9789814332286	9789814332309	1.0	1.0	A history of journalism in China /
9789814332279	9789814332323	1.0	1.0	A history of journalism in China /
9789814332279	9789814332316	1.0	1.0	A history of journalism in China /
9789814332279	9789814332309	1.0	1.0	A history of journalism in China /
9789814332262	9789814332323	1.0	1.0	A history of journalism in China /
9789814332262	9789814332316	1.0	1.0	A history of journalism in China /
9789814332262	9789814332309	1.0	1.0	A history of journalism in China /
9789814332255	9789814332323	1.0	1.0	A history of journalism in China /
9789814332255	9789814332316	1.0	1.0	A history of journalism in China /
9789814332255	9789814332309	1.0	1.0	A history of journalism in China /
9789814313209	120323826	1.0	1.0	Structural aspects of protein synthesis /
9789814307161	043506127	1.0	1.0	Quantum mechanics using computer algebra :
9789814298308	9789814332460	1.0	1.0	Economic reforms and development in China.
9789814291774	EBL296152	1.0	1.0	The knowledge grid :
9789814291774	115298606	1.0	1.0	The knowledge grid :
9789814282628	EBL982498	1.0	1.0	Computational ecology :
9789814277488	EBL1193096	1.0	1.0	Tsunami :
9789812837936	357423127	1.0	1.0	A nonlinear dynamics perspective of Wolfram's new kind of science.
9789812837721	111273145	1.0	1.0	The making of economics.
9789812835598	EBL1193588	1.0	1.0	Chinese multinationals /
9789812835598	9789812835000	1.0	1.0	Chinese multinationals /
9789812835154	111273145	1.0	1.0	The making of economics.
9789812810946	EBL1193402	1.0	1.0	Praise of chromosome folly :
9789812791634	9789812791641	1.0	1.0	Bringing science and mathematics to life for all learners /
9789812791030	9789812791023	1.0	1.0	Mathematical tools in computer graphics with C# implementations /
9789812790125	9789812790118	1.0	1.0	A synopsis of regional anatomy /
9789812308320	9789812308313	1.0	1.0	Governance, politics and the environment :
9789812308313	EBL730925	1.0	1.0	Governance, politics and the environment :
9789812308191	313623414	1.0	1.0	Indonesia :
9789812304728	9789812304711	1.0	1.0	Indonesian Muslim intelligentsia and power /
9789812304711	EBL730952	1.0	1.0	Indonesian Muslim intelligentsia and power /
9789812303998	EBL730936	1.0	1.0	Shari'a and constitutional reform in Indonesia /
9789810679934	040153975	1.0	1.0	Marketing management :
9789810224141	9789810221638	1.0	1.0	Design and construction of maritime structures for protection against waves /
9789766402471	102136289	1.0	1.0	A practical introduction to econometric methods :
9789659124138	EBL332801	1.0	1.0	Technical analysis of stock trends /
9789659124138	EBL264566	1.0	1.0	Technical analysis of stock trends /
9789659124138	039858774	1.0	1.0	Technical analysis of stock trends /
9789650902254	9789650902667	1.0	1.0	I'm adult! aren't I! :
9789622099050	EBL677603	1.0	1.0	Hong Kong's housing policy :
9789622099043	9789622099050	1.0	1.0	Hong Kong's housing policy :
9789607120267	9789607120250	1.0	1.0	Cosmos, life, and liturgy in a Greek orthodox village /
9789546424792	9789546424419	1.0	1.0	Distribution and ecological preferences of European freshwater organisms.
9789546423221	9789546423214	1.0	1.0	A world catalogue and bibliography of the jewel beetles (coleoptera: buprestoidea).
9789546423221	9789546423207	1.0	1.0	A world catalogue and bibliography of the jewel beetles (coleoptera: buprestoidea).
9789546423221	9789546423191	1.0	1.0	A world catalogue and bibliography of the jewel beetles (coleoptera: buprestoidea).
9789546423214	9789546423207	1.0	1.0	A world catalogue and bibliography of the jewel beetles (coleoptera: buprestoidea).
9789546423191	9789546423214	1.0	1.0	A world catalogue and bibliography of the jewel beetles (coleoptera: buprestoidea).
9789546423191	9789546423207	1.0	1.0	A world catalogue and bibliography of the jewel beetles (coleoptera: buprestoidea).
9789546423184	9789546423221	1.0	1.0	A world catalogue and bibliography of the jewel beetles (coleoptera: buprestoidea) :
9789546423184	9789546423214	1.0	1.0	A world catalogue and bibliography of the jewel beetles (coleoptera: buprestoidea) :
9789546423184	9789546423207	1.0	1.0	A world catalogue and bibliography of the jewel beetles (coleoptera: buprestoidea) :
9789546423184	9789546423191	1.0	1.0	A world catalogue and bibliography of the jewel beetles (coleoptera: buprestoidea) :
9789546423184	9789546423177	1.0	1.0	A world catalogue and bibliography of the jewel beetles (coleoptera: buprestoidea) :
9789546423177	9789546423221	1.0	1.0	A world catalogue and bibliography of the jewel beetles (coleoptera: buprestoidea).
9789546423177	9789546423214	1.0	1.0	A world catalogue and bibliography of the jewel beetles (coleoptera: buprestoidea).
9789546423177	9789546423207	1.0	1.0	A world catalogue and bibliography of the jewel beetles (coleoptera: buprestoidea).
9789546423177	9789546423191	1.0	1.0	A world catalogue and bibliography of the jewel beetles (coleoptera: buprestoidea).
9789491216527	370773624	1.0	1.0	Integration of world knowledge for natural language understanding /
9789491216398	EBL763881	1.0	1.0	Trust networks for recommender systems /
9789491216398	345802799	1.0	1.0	Trust networks for recommender systems /
9789491216381	EBL763530	1.0	1.0	Nonlinear hybrid continuous/discrete-time models /
9789491216381	345802802	1.0	1.0	Nonlinear hybrid continuous/discrete-time models /
9789491216077	9789491216398	1.0	1.0	Trust networks for recommender systems /
9789491216022	9789491216381	1.0	1.0	Nonlinear hybrid continuous/discrete-time models /
9789460912771	9789460912764	1.0	1.0	Critical Theories, Radical Pedagogies, and Social Education :
9789460912740	9789460912733	1.0	1.0	Teacher Career Motivation and Professional Development in Special and Inclusive Education in China /
9789401741521	034828168	1.0	1.0	Algebraic structures and operator calculus.
9789401741408	103572260	1.0	1.0	Soil formation /
9789401741408	077042239	1.0	1.0	Soil formation /
9789401740999	9789401069717	1.0	1.0	Constructing test items :
9789401737685	054483212	1.0	1.0	Transfer pricing and valuation in corporate taxation :
9789401737456	061462713	1.0	1.0	Preventing prenatal harm :
9789401733724	014872056	1.0	1.0	The International Payments and Monetary System in the Integration of the Socialist Countries /
9789401716154	9781461337980	1.0	1.0	From Catastrophe to Chaos: A General Theory of Economic Discontinuities :
9789401713764	07926218X	1.0	1.0	Economics as a science of human behaviour :
9789401713764	050367447	1.0	1.0	Economics as a science of human behaviour :
9789401713764	029265231	1.0	1.0	Economics as a science of human behaviour :
9789401713160	027717119	1.0	1.0	Dynamic models of advertising competition :
9789401580014	031725899	1.0	1.0	The technological specialization of advanced countries :
9789401578516	024284718	1.0	1.0	A Theory of Socialism and Capitalism :
9789401569446	016740335	1.0	1.0	Theory of logical calculi :
9789401512206	9789401511728	1.0	1.0	Annuaire Europeen / European Yearbook :
9789401173841	325402418	1.0	1.0	Principles of package development /
9789401085748	012047295	1.0	1.0	Bhartrhari and the Buddhists :
9789401085311	012055557	1.0	1.0	Doing the best we can :
9789401083751	017553989	1.0	1.0	The Theory of Committees and Elections /
9789401082631	013590065	1.0	1.0	The logics of preference :
9789401081894	9789401081887	1.0	1.0	Advances in solar energy technology.
9789401080248	034462597	1.0	1.0	Integrated computer-aided design of mechanical systems /
9789401076371	01864922X	1.0	1.0	Facility Location and the Theory of Production /
9789401075701	01997101X	1.0	1.0	Agreement and anti-agreement :
9789401075619	019837461	1.0	1.0	Computation, logic, philosophy :
9789401075541	018179568	1.0	1.0	Hegel's epistemological realism :
9789401073059	26359971X	1.0	1.0	The economics of energy security /
9789401072656	054249082	1.0	1.0	Parsing with principles and classes of information /
9789401072571	05369368X	1.0	1.0	Von Bolzano zu Husserl /
9789401072144	051976315	1.0	1.0	Art line thought /
9789401071413	014332523	1.0	1.0	The birth of meaning in Hindu thought /
9789401068161	030072824	1.0	1.0	Efficiency in environmental regulation :
9789401066891	03320943X	1.0	1.0	Innovation, creativity and law /
9789401064019	062576976	1.0	1.0	Multi-dimensional modal logic /
9789401062626	060789840	1.0	1.0	Toward an integrative explanation of corporate financial performance /
9789401062534	06317975X	1.0	1.0	Managing environmental risk through insurance /
9789401062381	9789401059749	1.0	1.0	Optimal Filtering :
9789401060400	080363202	1.0	1.0	Fuzzy modeling for control /
9789401059985	084547308	1.0	1.0	Frames in the toxicity controversy :
9789401059411	08020273X	1.0	1.0	Newspapers: a lost cause? :
9789401059268	088366065	1.0	1.0	Change and continuity in Poland's environmental policy /
9789401057790	090780329	1.0	1.0	Basic questions on truth /
9789401057455	02374362X	1.0	1.0	Transfer spending, taxes, and the American Welfare State /
9789401055864	027399451	1.0	1.0	Integrating eastern Europe into the global economy :
9789401055239	025553364	1.0	1.0	Algorithmic aspects of flows in networks /
9789401055116	026617684	1.0	1.0	Explanation in the Sciences /
9789401054461	026220288	1.0	1.0	Newton's physics and the conceptual structure of the scientific revolution /
9789401054256	024968129	1.0	1.0	Indian philosophy of language :
9789401053143	029265452	1.0	1.0	Services in economic thought :
9789401053044	030750970	1.0	1.0	Government's role in innovation /
9789401051934	03963681X	1.0	1.0	The Logical Foundations of the Marxian Theory of Value /
9789401051873	9789401064255	1.0	1.0	Integration of ecosystem theories: a pattern /
9789401051842	040958167	1.0	1.0	Socialist investment cycles :
9789401051651	039738140	1.0	1.0	Computability in Combinatory Spaces :
9789401051170	030864968	1.0	1.0	Bonus options in health insurance /
9789401051057	030917751	1.0	1.0	Fuzzy Data Analysis /
9789401049702	039301265	1.0	1.0	Capitalism versus pragmatic market socialism :
9789401049665	036765554	1.0	1.0	Generalized expected utility theory :
9789401049160	035714123	1.0	1.0	From discourse to logic :
9789401049160	035032871	1.0	1.0	From discourse to logic :
9789401048118	034139958	1.0	1.0	Financial integration in Europe /
9789401047593	042968313	1.0	1.0	Environment in Poland :
9789401047548	035273666	1.0	1.0	Quantitative methods for portfolio analysis :
9789401047517	034312714	1.0	1.0	Reference to abstract objects in discourse /
9789401046787	033942927	1.0	1.0	Handbook of immunochemistry /
9789401046015	040422674	1.0	1.0	Science and Technology Policy in Interdependent Economies /
9789401044516	043406165	1.0	1.0	The Dynamic Systems of Basic Economic Growth Models /
9789401043489	045690812	1.0	1.0	Biz jets :
9789401043274	047377313	1.0	1.0	Mathematical Methods in Optimization of Differential Systems /
9789401042772	047664800	1.0	1.0	Analysis and evaluation of fuzzy systems /
9789401042574	075165821	1.0	1.0	Polymer process engineering /
9789401042574	047916109	1.0	1.0	Polymer process engineering /
9789401042253	044305788	1.0	1.0	The economics of localized technological change and industrial dynamics /
9789401041331	04630875X	1.0	1.0	Carbon dioxide removal from coal-fired power plants /
9789401041317	051009528	1.0	1.0	Written expression disorders /
9789401040334	047620102	1.0	1.0	Climate change atlas /
9789401039628	112999913	1.0	1.0	From Markov jump processes to spatial queues /
9789401038928	105907898	1.0	1.0	Passionate deliberation :
9789401037686	114164843	1.0	1.0	Modern biotechnology in postmodern times? :
9789401037525	110400585	1.0	1.0	Call-by-push-value :
9789401037440	262586444	1.0	1.0	A manager's primer on e-Networking :
9789401026550	052776913	1.0	1.0	Essays in legal and moral philosophy /
9789401021142	093423063	1.0	1.0	An outline of mathematical logic :
9789401021142	011091320	1.0	1.0	An outline of mathematical logic :
9789401019736	004353935	1.0	1.0	Adoption of new food products :
9789401017268	01113500X	1.0	1.0	Non-Archimedean Utility Theory /
9789401014168	011539240	1.0	1.0	Light microscopic techniques in biology and medicine /
9789400990500	008153809	1.0	1.0	Perceptual knowledge :
9789400989689	00775065X	1.0	1.0	Topics in conditional logic /
9789400989467	007517459	1.0	1.0	Topics in the formal methodology of empirical sciences /
9789400974296	339583940	1.0	1.0	Bones and joints in diabetes mellitus /
9789400973916	044606524	1.0	1.0	Welfare reform in America :
9789400795549	355107716	1.0	1.0	Harnessing VLSI System Design with EDA Tools /
9789400778191	EBL1317644	1.0	1.0	Plant virus and viroid diseases in the tropics :
9789400778191	9789400765238	1.0	1.0	Plant virus and viroid diseases in the tropics :
9789400774650	EBL972014	1.0	1.0	Care of the world :
9789400773943	EBL1083609	1.0	1.0	Edible medicinal and non-medicinal plants.
9789400773943	EBL1083603	1.0	1.0	Edible medicinal and non-medicinal plants.
9789400773943	9789400740525	1.0	1.0	Edible medicinal and non-medicinal plants.
9789400773943	9789048186600	1.0	1.0	Edible medicinal and non-medicinal plants.
9789400770997	EBL972032	1.0	1.0	What's so good about biodiversity? :
9789400770997	366284614	1.0	1.0	What's so good about biodiversity? :
9789400770997	363926291	1.0	1.0	What's so good about biodiversity? :
9789400768857	9789400778689	1.0	1.0	Machine learning in medicine.
9789400768857	9789400758230	1.0	1.0	Machine learning in medicine.
9789400763791	EBL1317303	1.0	1.0	Biological management of diseases of crops.
9789400763760	EBL1317661	1.0	1.0	Biological management of diseases of crops.
9789400763760	9789400763791	1.0	1.0	Biological management of diseases of crops.
9789400758230	9789400778689	1.0	1.0	Machine learning in medicine /
9789400757295	EBL646153	1.0	1.0	Biological materials of marine origin :
9789400757295	9789400733176	1.0	1.0	Biological materials of marine origin :
9789400757295	323903665	1.0	1.0	Biological materials of marine origin :
9789400756526	EBL1083603	1.0	1.0	Edible medicinal and non-medicinal plants.
9789400756526	9789400740525	1.0	1.0	Edible medicinal and non-medicinal plants.
9789400756526	9789048186600	1.0	1.0	Edible medicinal and non-medicinal plants.
9789400756274	EBL1083609	1.0	1.0	Edible medicinal and non-medicinal plants.
9789400756274	9789400740525	1.0	1.0	Edible medicinal and non-medicinal plants.
9789400756274	9789048186600	1.0	1.0	Edible medicinal and non-medicinal plants.
9789400755925	346164095	1.0	1.0	Rational reconstructions of modern physics /
9789400755925	335139345	1.0	1.0	Rational reconstructions of modern physics /
9789400754423	9789400753600	1.0	1.0	Gravity, a geometrical course.
9789400748835	266606083	1.0	1.0	Bacterial fish pathogens :
9789400748835	077020502	1.0	1.0	Bacterial fish pathogens :
9789400748835	054792452	1.0	1.0	Bacterial fish pathogens :
9789400744813	9789400774650	1.0	1.0	Care of the world :
9789400740525	EBL1083609	1.0	1.0	Edible medicinal and non-medicinal plants.
9789400740525	EBL1083603	1.0	1.0	Edible medicinal and non-medicinal plants.
9789400739901	9789400770997	1.0	1.0	What's so good about biodiversity? :
9789400738812	EBL763755	1.0	1.0	Teaching about hegemony :
9789400738812	347112781	1.0	1.0	Teaching about hegemony :
9789400738249	355111179	1.0	1.0	Groundwork in the Theory of Argumentation :
9789400738164	EBL798631	1.0	1.0	Fisheries management in Japan :
9789400738096	EBL770147	1.0	1.0	Evolution and religion in American education :
9789400738058	EBL886049	1.0	1.0	Natural Hazard Mitigation Policy :
9789400738058	355107163	1.0	1.0	Natural Hazard Mitigation Policy :
9789400738041	EBL798687	1.0	1.0	Critical praxis research :
9789400737990	EBL763658	1.0	1.0	Ontological fundamentals for ethical management :
9789400737990	9789400718746	1.0	1.0	Ontological fundamentals for ethical management :
9789400737969	EBL770200	1.0	1.0	Law, truth, and reason :
9789400737815	9789400716667	1.0	1.0	Geo-information :
9789400737815	350228558	1.0	1.0	Geo-information :
9789400737761	EBL886034	1.0	1.0	Wind Bands and Cultural Identity in Japanese Schools /
9789400737761	355111241	1.0	1.0	Wind Bands and Cultural Identity in Japanese Schools /
9789400737709	EBL770061	1.0	1.0	Essays on the doctrinal study of law /
9789400737709	9789400716544	1.0	1.0	Essays on the doctrinal study of law /
9789400737563	350260419	1.0	1.0	Interpreted languages and compositionality /
9789400737549	EBL798804	1.0	1.0	Legal ontology engineering :
9789400737549	9789400714960	1.0	1.0	Legal ontology engineering :
9789400737471	348699840	1.0	1.0	Plate structures /
9789400737440	EBL798947	1.0	1.0	Mathematics education and subjectivity :
9789400737440	9789400717381	1.0	1.0	Mathematics education and subjectivity :
9789400737433	EBL886052	1.0	1.0	Growing from Seed :
9789400737358	EBL885990	1.0	1.0	Collaborating to Meet Language Challenges in Indigenous Mathematics Classrooms /
9789400737358	355109778	1.0	1.0	Collaborating to Meet Language Challenges in Indigenous Mathematics Classrooms /
9789400737068	EBL886097	1.0	1.0	Education for Self-transformation :
9789400737068	355110695	1.0	1.0	Education for Self-transformation :
9789400737006	EBL798774	1.0	1.0	Understanding family change and variation :
9789400736719	EBL450758	1.0	1.0	Impacts of point polluters on terrestrial biota :
9789400736719	31002322X	1.0	1.0	Impacts of point polluters on terrestrial biota :
9789400736696	9781402098413	1.0	1.0	Seismic design, assessment and retrofitting of concrete buildings :
9789400736689	EBL763890	1.0	1.0	Doing good with technologies :
9789400736689	9789400716391	1.0	1.0	Doing good with technologies :
9789400736580	EBL763710	1.0	1.0	Ethics and self-knowledge :
9789400736580	9789400715592	1.0	1.0	Ethics and self-knowledge :
9789400736573	EBL763755	1.0	1.0	Teaching about hegemony :
9789400736573	347112781	1.0	1.0	Teaching about hegemony :
9789400736566	EBL763547	1.0	1.0	Dynamic antisymmetry and the syntax of noun incorporation /
9789400736566	9789400715691	1.0	1.0	Dynamic antisymmetry and the syntax of noun incorporation /
9789400736559	9789400712874	1.0	1.0	Controversy as news discourse /
9789400736559	350101493	1.0	1.0	Controversy as news discourse /
9789400736467	EBL763726	1.0	1.0	Interdependencies between fertility and women's labour supply /
9789400736467	9789400712836	1.0	1.0	Interdependencies between fertility and women's labour supply /
9789400736399	EBL763645	1.0	1.0	Treatise on intuitionistic type theory /
9789400736399	9789400717350	1.0	1.0	Treatise on intuitionistic type theory /
9789400736382	350982422	1.0	1.0	Paradoxes /
9789400736382	347110509	1.0	1.0	Paradoxes /
9789400736375	EBL763756	1.0	1.0	Fractional calculus for scientists and engineers /
9789400736375	9789400707467	1.0	1.0	Fractional calculus for scientists and engineers /
9789400736375	347110606	1.0	1.0	Fractional calculus for scientists and engineers /
9789400736351	EBL763198	1.0	1.0	People, places and landscapes :
9789400736351	9789400712621	1.0	1.0	People, places and landscapes :
9789400736337	EBL763734	1.0	1.0	Futures of reproduction :
9789400736337	9789400714267	1.0	1.0	Futures of reproduction :
9789400736313	350250634	1.0	1.0	Strict finitism and the logic of mathematical applications /
9789400736306	EBL763705	1.0	1.0	Reasoning about preference dynamics /
9789400736306	9789400713437	1.0	1.0	Reasoning about preference dynamics /
9789400736221	9789400716049	1.0	1.0	Honore Fabri and the concept of impetus: a bridge between conceptual frameworks /
9789400736184	EBL763738	1.0	1.0	The price of precaution and the ethics of risk /
9789400736108	EBL763357	1.0	1.0	Networks for pervasive services :
9789400736108	34580337X	1.0	1.0	Networks for pervasive services :
9789400736078	9789400714359	1.0	1.0	Design and implementation of fully-integrated inductive DC-DC converters in standard CMOS /
9789400736078	345803159	1.0	1.0	Design and implementation of fully-integrated inductive DC-DC converters in standard CMOS /
9789400735927	EBL993054	1.0	1.0	The ethics of banking :
9789400735866	EBL763835	1.0	1.0	Religion-State Encounters in Hindu Domains /
9789400735859	9789400713864	1.0	1.0	Look-ahead based sigma-delta modulation /
9789400735859	343195542	1.0	1.0	Look-ahead based sigma-delta modulation /
9789400735705	339788941	1.0	1.0	Regular nanofabrics in emerging technologies :
9789400735668	9789400708198	1.0	1.0	Doing philosophy of technology :
9789400735606	9789400711365	1.0	1.0	Intelligent surveillance systems /
9789400735538	9789400703568	1.0	1.0	Argument structure :
9789400735521	9789400706200	1.0	1.0	The grammar of French quantification /
9789400735187	EBL690802	1.0	1.0	Medical education for the future :
9789400735187	9789048196913	1.0	1.0	Medical education for the future :
9789400735156	9789400704367	1.0	1.0	A roadmap to the successful development and commercialization of microbial pest control products for control of arthropods /
9789400735125	EBL666853	1.0	1.0	Mathematical foundations of quantum information and computation and its applications to nano- and bio-systems /
9789400735125	346164303	1.0	1.0	Mathematical foundations of quantum information and computation and its applications to nano- and bio-systems /
9789400735118	EBL666943	1.0	1.0	Mexican American and immigrant poverty in the United States /
9789400735064	EBL667039	1.0	1.0	Modelling written communication :
9789400735040	EBL667024	1.0	1.0	Plant geography of Chile /
9789400735026	EBL666989	1.0	1.0	Labour-market flexibility and individual careers :
9789400735002	EBL667014	1.0	1.0	Artistic judgement :
9789400734999	337805083	1.0	1.0	Reconfigurable RF power amplifiers on silicon for wireless handsets /
9789400734975	EBL666739	1.0	1.0	Methods of cut-elimination /
9789400734975	9789400703193	1.0	1.0	Methods of cut-elimination /
9789400734968	EBL763718	1.0	1.0	Understanding morphological rules :
9789400734906	EBL667032	1.0	1.0	Christianity, antiquity, and enlightenment :
9789400734869	EBL666502	1.0	1.0	From expert student to novice professional /
9789400734838	EBL667016	1.0	1.0	Towards an Understanding of Language Learner Self-Concept /
9789400734746	EBL666686	1.0	1.0	Educational research - the ethics and aesthetics of statistics /
9789400734746	9789048198726	1.0	1.0	Educational research - the ethics and aesthetics of statistics /
9789400734715	336059760	1.0	1.0	Syntax-based collocation extraction /
9789400734708	EBL667053	1.0	1.0	Toward a visually-oriented school mathematics curriculum :
9789400734548	337805954	1.0	1.0	Psychological selection and optimal experience across cultures :
9789400734432	EBL645393	1.0	1.0	Probabilistic logics and probabilistic networks /
9789400734425	334457688	1.0	1.0	Gentzen calculi for modal propositional logic /
9789400734388	EBL646190	1.0	1.0	Reality and negation - Kant's principle of anticipations of perception :
9789400734357	EBL646097	1.0	1.0	Hybrid logic and its proof-theory /
9789400734357	334457769	1.0	1.0	Hybrid logic and its proof-theory /
9789400734296	EBL646402	1.0	1.0	Phi-features and the modular architecture of language /
9789400734296	9789048196975	1.0	1.0	Phi-features and the modular architecture of language /
9789400734180	EBL646280	1.0	1.0	First principles of meteorology and air pollution /
9789400734180	9789400701618	1.0	1.0	First principles of meteorology and air pollution /
9789400734180	334457556	1.0	1.0	First principles of meteorology and air pollution /
9789400734135	EBL666917	1.0	1.0	Nonlinear continuum mechanics and large inelastic deformations /
9789400734135	33659464X	1.0	1.0	Nonlinear continuum mechanics and large inelastic deformations /
9789400734104	334439787	1.0	1.0	Microsystems dynamics /
9789400733855	EBL645424	1.0	1.0	Nonsmooth modeling and simulation for switched circuits /
9789400733855	333467175	1.0	1.0	Nonsmooth modeling and simulation for switched circuits /
9789400733718	EBL646203	1.0	1.0	Young people's human rights and the politics of voting age /
9789400733695	333464672	1.0	1.0	Linear and nonlinear control of small-scale unmanned helicopters /
9789400733688	EBL645839	1.0	1.0	Worst-case execution time aware compilation techniques for real-time systems /
9789400733688	9789048199280	1.0	1.0	Worst-case execution time aware compilation techniques for real-time systems /
9789400733688	333464729	1.0	1.0	Worst-case execution time aware compilation techniques for real-time systems /
9789400733497	9789400700826	1.0	1.0	Multimedia multiprocessor systems :
9789400733497	333464710	1.0	1.0	Multimedia multiprocessor systems :
9789400733299	EBL603465	1.0	1.0	The collected works of Aron Gurwitsch (1901-1973).
9789400733299	EBL510778	1.0	1.0	The collected works of Aron Gurwitsch (1901-1973).
9789400733275	EBL645952	1.0	1.0	The future of the world's forests :
9789400733275	9789048195817	1.0	1.0	The future of the world's forests :
9789400733251	EBL646139	1.0	1.0	A rights-based preventative approach for psychosocial well-being in childhood /
9789400733213	9789048193394	1.0	1.0	Surface-based remote sensing of the atmospheric boundary layer /
9789400733213	353468096	1.0	1.0	Surface-based remote sensing of the atmospheric boundary layer /
9789400733213	333464648	1.0	1.0	Surface-based remote sensing of the atmospheric boundary layer /
9789400733176	EBL646153	1.0	1.0	Biological materials of marine origin :
9789400733176	323903665	1.0	1.0	Biological materials of marine origin :
9789400733152	EBL603474	1.0	1.0	Teachers as learners :
9789400733138	EBL646342	1.0	1.0	Climate time series analysis :
9789400733138	9789048194810	1.0	1.0	Climate time series analysis :
9789400733138	330931121	1.0	1.0	Climate time series analysis :
9789400733091	EBL603204	1.0	1.0	New contributions to the philosophy of history /
9789400733091	9789048194094	1.0	1.0	New contributions to the philosophy of history /
9789400733060	EBL603086	1.0	1.0	Ultra-low energy domain-specific instruction-set processors /
9789400733060	329517376	1.0	1.0	Ultra-low energy domain-specific instruction-set processors /
9789400733053	EBL603167	1.0	1.0	Electric fields in composite dielectrics and their applications /
9789400733053	329517651	1.0	1.0	Electric fields in composite dielectrics and their applications /
9789400733022	EBL603185	1.0	1.0	Being an expert professional practitioner :
9789400733022	9789048139682	1.0	1.0	Being an expert professional practitioner :
9789400733015	EBL603231	1.0	1.0	Authentic professional learning :
9789400733015	9789048139460	1.0	1.0	Authentic professional learning :
9789400733008	327020407	1.0	1.0	Symmetries and groups in signal processing :
9789400732940	EBL603149	1.0	1.0	International comparisons of China's technical and vocational education and training system /
9789400732940	9789048187423	1.0	1.0	International comparisons of China's technical and vocational education and training system /
9789400732902	EBL603397	1.0	1.0	New Zealand freshwater fishes :
9789400732902	9789048192700	1.0	1.0	New Zealand freshwater fishes :
9789400732810	EBL603188	1.0	1.0	Approaches to improving the quality of life :
9789400732780	EBL603607	1.0	1.0	Procedural semantics for hyperintensional logic :
9789400732735	9789048190812	1.0	1.0	Ground vibration engineering :
9789400732735	327020237	1.0	1.0	Ground vibration engineering :
9789400732728	EBL603157	1.0	1.0	Spatial planning and urban development :
9789400732612	9789048186662	1.0	1.0	The nuclear imperative :
9789400732612	327020105	1.0	1.0	The nuclear imperative :
9789400732537	EBL993314	1.0	1.0	Human capacities and moral status /
9789400732537	9789048185368	1.0	1.0	Human capacities and moral status /
9789400732483	EBL646082	1.0	1.0	The concept of passivity in Husserl's phenomenology /
9789400732483	9789048139149	1.0	1.0	The concept of passivity in Husserl's phenomenology /
9789400732445	EBL646368	1.0	1.0	The unknown technology in Homer /
9789400732438	EBL603625	1.0	1.0	Natural deduction, hybrid systems and modal logics /
9789400732438	327020202	1.0	1.0	Natural deduction, hybrid systems and modal logics /
9789400732308	326946357	1.0	1.0	Galileo engineer /
9789400732285	EBL603214	1.0	1.0	Abortion and the moral significance of merely possible persons :
9789400732162	9789048185498	1.0	1.0	Inner aspect :
9789400732032	EBL993467	1.0	1.0	Environmental change and food security in China /
9789400731974	EBL993397	1.0	1.0	Technical functions :
9789400731868	327019921	1.0	1.0	Modelling diesel combustion /
9789400731851	EBL691322	1.0	1.0	Imagination and critique :
9789400731851	9789048138036	1.0	1.0	Imagination and critique :
9789400731813	EBL993616	1.0	1.0	Climate - Vegetation :
9789400731813	9789048185948	1.0	1.0	Climate - Vegetation :
9789400731806	322308968	1.0	1.0	CMOS capacitive sensors for lab-on-chip applications :
9789400731790	327020067	1.0	1.0	Pipelined ADC design and enhancement techniques /
9789400731783	9789048139163	1.0	1.0	The regularized fast Hartley transform :
9789400731783	32701993X	1.0	1.0	The regularized fast Hartley transform :
9789400731714	EBL993577	1.0	1.0	Numerical modeling in open channel hydraulics /
9789400731714	336594836	1.0	1.0	Numerical modeling in open channel hydraulics /
9789400731646	320489787	1.0	1.0	Defending Copernicus and Galileo :
9789400731608	EBL666934	1.0	1.0	One legacy of Paul F. Brandwein :
9789400731608	336595417	1.0	1.0	One legacy of Paul F. Brandwein :
9789400731554	318564211	1.0	1.0	Erich Huckel (1896-1980) :
9789400731516	333460200	1.0	1.0	Infinite regress arguments /
9789400731516	322029104	1.0	1.0	Infinite regress arguments /
9789400731493	9789048132843	1.0	1.0	From reasons to norms :
9789400731493	308992598	1.0	1.0	From reasons to norms :
9789400731424	333453794	1.0	1.0	Kant's critique of pure reason :
9789400731295	9781402057700	1.0	1.0	Teaching Africa :
9789400731233	321351444	1.0	1.0	Logic and philosophy of mathematics in the early Husserl /
9789400731189	EBL511597	1.0	1.0	Expression and interpretation of negation :
9789400730984	EBL511138	1.0	1.0	Singular reference :
9789400730786	EBL511580	1.0	1.0	Grid generation methods /
9789400730786	327019492	1.0	1.0	Grid generation methods /
9789400730755	31856405X	1.0	1.0	The Ganga :
9789400730748	EBL603465	1.0	1.0	The collected works of Aron Gurwitsch (1901-1973).
9789400730748	EBL510778	1.0	1.0	The collected works of Aron Gurwitsch (1901-1973).
9789400730687	EBL603465	1.0	1.0	The collected works of Aron Gurwitsch (1901-1973).
9789400730687	EBL510778	1.0	1.0	The collected works of Aron Gurwitsch (1901-1973).
9789400730595	EBL691191	1.0	1.0	Technology, transgenics and a practical moral code /
9789400730540	9789048127054	1.0	1.0	Living in worlds of music :
9789400730540	312841310	1.0	1.0	Living in worlds of music :
9789400730472	EBL511079	1.0	1.0	A real mind :
9789400730472	327019484	1.0	1.0	A real mind :
9789400730434	312841264	1.0	1.0	Substantive perspectivism: an essay on philosophical concern with truth /
9789400730359	EBL478220	1.0	1.0	Exploration and meaning making in the learning of science /
9789400730359	9789048124954	1.0	1.0	Exploration and meaning making in the learning of science /
9789400728615	9781402057700	1.0	1.0	Teaching Africa :
9789400727649	337127131	1.0	1.0	Contingent valuation of Yangtze Finless Porpoises in Poyang Lake, China /
9789400726130	EBL438004	1.0	1.0	People and space :
9789400726123	EBL450838	1.0	1.0	Life as its own designer :
9789400726062	EBL450629	1.0	1.0	Biological control of rice diseases /
9789400724006	9789400737068	1.0	1.0	Education for self-transformation :
9789400723993	EBL603228	1.0	1.0	Judicial review of legislation :
9789400722569	9781402093357	1.0	1.0	The fullness of the logos in the key of life :
9789400722491	9789400737433	1.0	1.0	Growing from seed :
9789400722347	9789400738058	1.0	1.0	Natural hazard mitigation policy :
9789400721777	9789400737761	1.0	1.0	Wind bands and cultural identity in Japanese schools /
9789400719934	9789400737358	1.0	1.0	Collaborating to meet language challenges in indigenous mathematics classrooms /
9789400719446	9789400737006	1.0	1.0	Understanding family change and variation :
9789400719286	322148820	1.0	1.0	Commercial law of the European Union /
9789400718715	9789400737969	1.0	1.0	Law, truth and reason :
9789400718630	9789400795549	1.0	1.0	Harnessing VLSI system design with EDA tools /
9789400718258	EBL993143	1.0	1.0	The fertility transition in Iran :
9789400718074	9789400738096	1.0	1.0	Evolution and religion in American education :
9789400717893	9789400738041	1.0	1.0	Critical Praxis research :
9789400717763	9789400738164	1.0	1.0	Fisheries management in Japan :
9789400717633	EBL1083609	1.0	1.0	Edible medicinal and non-medicinal plants.
9789400717633	EBL1083603	1.0	1.0	Edible medicinal and non-medicinal plants.
9789400717633	9789400740525	1.0	1.0	Edible medicinal and non-medicinal plants.
9789400717633	9789048186600	1.0	1.0	Edible medicinal and non-medicinal plants.
9789400717602	9789400737846	1.0	1.0	Giving reasons :
9789400715974	9789048131693	1.0	1.0	Modeling forest trees and stands /
9789400715509	9789400736528	1.0	1.0	Postcolonial representations of women :
9789400714724	9789400736108	1.0	1.0	Networks for pervasive services :
9789400713291	9789400736184	1.0	1.0	The price of precaution and the ethics of risk /
9789400707788	EBL1030806	1.0	1.0	Teaching with tasks for effective mathematics learning /
9789400707788	9781461446804	1.0	1.0	Teaching with tasks for effective mathematics learning /
9789400706910	EBL510440	1.0	1.0	Administrative passages :
9789400706910	327000910	1.0	1.0	Administrative passages :
9789400706644	9789400736009	1.0	1.0	Pedagogy in (e)motion :
9789400705388	9789400735118	1.0	1.0	Mexican american and immigrant poverty in the United States /
9789400705326	EBL511204	1.0	1.0	Linking :
9789400705227	EBL510801	1.0	1.0	Moral acquaintances and moral decisions :
9789400704879	EBL646329	1.0	1.0	Gender and sexual diversity in schools :
9789400704510	EBL603117	1.0	1.0	The indirect estimation of migration :
9789400704244	9789400734999	1.0	1.0	Reconfigurable RF power amplifiers on silicon for wireless handsets /
9789400702738	9789400734906	1.0	1.0	Christianity, antiquity, and enlightenment :
9789400702493	9789400734869	1.0	1.0	From expert student to novice professional /
9789400701700	9789400735125	1.0	1.0	Mathematical foundations of quantum information and computation and its applications to nano- and bio-systems /
9789400701335	9789400734715	1.0	1.0	Syntax-based collocation extraction /
9789400701250	9789048126903	1.0	1.0	National self-determination and justice in multinational states /
9789400701250	312841302	1.0	1.0	National self-determination and justice in multinational states /
9789400701250	306995859	1.0	1.0	National self-determination and justice in multinational states /
9789400700499	9789400734678	1.0	1.0	Aristotle's modal proofs :
9789400700130	9789400734708	1.0	1.0	Toward a visually-oriented school mathematics curriculum :
9789400700079	9789400734432	1.0	1.0	Probabilistic logics and probabilistic networks /
9789400700017	9789400734357	1.0	1.0	Hybrid logic and its proof-theory /
9789382607007	EBL543130	1.0	1.0	Think and grow rich /
9789382607007	EBL390919	1.0	1.0	Think and grow rich /
9789382607007	EBL1576356	1.0	1.0	Think and grow rich /
9789382607007	EBL1095059	1.0	1.0	Think and grow rich /
9789381162507	9789381162446	1.0	1.0	Modern business law /
9789381162200	9789380156392	1.0	1.0	Business organisation and management /
9789380408354	9788190710411	1.0	1.0	IT infrastructure & management /
9789380227153	EBL1105225	1.0	1.0	The success system that never fails /
9789380156064	9788180522130	1.0	1.0	Accounting for managers /
9789350512074	EBL588315	1.0	1.0	Fundamentals of insurance /
9789350295823	9780231157865	1.0	1.0	From financial crisis to global recovery /
9789350295823	347561977	1.0	1.0	From financial crisis to global recovery /
9789287170699	080537146	1.0	1.0	Dirty money :
9789287165107	9789287165114	1.0	1.0	European Pharmacopoeia.
9789264111349	9789264094970	1.0	1.0	Towards green growth :
9789264069114	347559034	1.0	1.0	From crisis to recovery :
9789264034310	308309731	1.0	1.0	People and biodiversity policies :
9789221241836	EBL605710	1.0	1.0	Making microfinance work /
9789221241409	EBL605710	1.0	1.0	Making microfinance work :
9789221241409	9789221241836	1.0	1.0	Making microfinance work :
9789089645371	9789089644633	1.0	1.0	Syntax of Dutch: nouns and noun phrases.
9789089645371	9789089644602	1.0	1.0	Syntax of Dutch: nouns and noun phrases.
9789089644602	9789089644633	1.0	1.0	Syntax of Dutch nouns and noun phrases.
9789089643322	EBL863884	1.0	1.0	Rebuilding the ancestral village :
9789089641595	307981428	1.0	1.0	Breaking down anonymity :
9789089640031	11680355X	1.0	1.0	Homo Ludens :
9789089640031	10602924X	1.0	1.0	Homo Ludens :
9789089640031	049906909	1.0	1.0	Homo Ludens :
9789089640031	025379674	1.0	1.0	Homo Ludens :
9789087902865	9789087902872	1.0	1.0	Leaders in philosophy of education /
9789087902827	9789087900304	1.0	1.0	James Bay Cree Students and Higher Education /
9789078677192	359114571	1.0	1.0	The omega problem of all members of the United Nations /
9789078677109	359115241	1.0	1.0	Agent-based ubiquitous computing /
9789067048378	355111152	1.0	1.0	Sports marketing agreements: legal, fiscal and practical aspects /
9789067042765	9789067042758	1.0	1.0	Principles of international criminal law /
9789048198757	9789400734548	1.0	1.0	Psychological selection and optimal experience across cultures :
9789048197682	EBL646351	1.0	1.0	Microbial plant pathogens-detection and disease diagnosis :
9789048197682	EBL646350	1.0	1.0	Microbial plant pathogens-detection and disease diagnosis :
9789048197682	9789048197538	1.0	1.0	Microbial plant pathogens-detection and disease diagnosis :
9789048197538	EBL646350	1.0	1.0	Microbial plant pathogens-detection and disease diagnosis :
9789048197453	EBL367413	1.0	1.0	Knowledge and critical pedagogy :
9789048197453	9781402082238	1.0	1.0	Knowledge and critical pedagogy :
9789048197347	EBL646351	1.0	1.0	Microbial plant pathogens-detection and disease diagnosis :
9789048197347	9789048197682	1.0	1.0	Microbial plant pathogens-detection and disease diagnosis :
9789048197347	9789048197538	1.0	1.0	Microbial plant pathogens-detection and disease diagnosis :
9789048196753	9789400733152	1.0	1.0	Teachers as learners :
9789048195466	9789400734968	1.0	1.0	Understanding morphological rules :
9789048195275	9789400733060	1.0	1.0	Ultra-low energy domain-specific instruction-set processors /
9789048194360	9789048163908	1.0	1.0	Microbial biochemistry /
9789048194339	9789400733008	1.0	1.0	Symmetries and groups in signal processing :
9789048193721	9789400736436	1.0	1.0	The shame of reason in organizational change :
9789048191475	9789400732810	1.0	1.0	Approaches to improving the quality of life :
9789048191291	9789400757295	1.0	1.0	Biological materials of marine origin :
9789048191291	9789400733176	1.0	1.0	Biological materials of marine origin :
9789048190102	9789400733961	1.0	1.0	Semiotics of international law :
9789048190010	9789400723993	1.0	1.0	Judicial review of legislation :
9789048189380	9789400734418	1.0	1.0	Male fertility patterns and determinants /
9789048189144	9789400704510	1.0	1.0	The indirect estimation of migration :
9789048188871	377587095	1.0	1.0	Analog-to-digital conversion /
9789048187737	9789400719286	1.0	1.0	Commercial law of the European Union /
9789048187690	9789400732001	1.0	1.0	Groups, rules and legal practice /
9789048187478	9789400735040	1.0	1.0	Plant geography of Chile /
9789048186600	EBL1083609	1.0	1.0	Edible medicinal and non-medicinal plants.
9789048186600	EBL1083603	1.0	1.0	Edible medicinal and non-medicinal plants.
9789048186600	9789400740525	1.0	1.0	Edible medicinal and non-medicinal plants.
9789048185580	9789400704879	1.0	1.0	Gender and sexual diversity in schools :
9789048185290	EBL364234	1.0	1.0	Principles of soil conservation and management /
9789048185290	283938374	1.0	1.0	Principles of soil conservation and management /
9789048184972	EBL450978	1.0	1.0	Quantum causality :
9789048184927	305949624	1.0	1.0	Ethics in cyberspace :
9789048184903	305952307	1.0	1.0	Nonlinear solid mechanics :
9789048184842	EBL450754	1.0	1.0	Implementing spectral methods for partial differential equations :
9789048184842	308420586	1.0	1.0	Implementing spectral methods for partial differential equations :
9789048184750	259498378	1.0	1.0	The concept of ideals in legal theory /
9789048184460	016937422	1.0	1.0	Models of strategic rationality /
9789048183623	008057087	1.0	1.0	Semantical investigations in Heyting's intuitionistic logic /
9789048183340	002489473	1.0	1.0	Theory of production /
9789048183319	001448005	1.0	1.0	Topics in philosophical logic /
9789048183265	071491457	1.0	1.0	Studies on Gottlob Frege and traditional philosophy /
9789048183203	001765892	1.0	1.0	Studies in the methodology and foundations of science :
9789048182299	EBL429023	1.0	1.0	Economic, social and demographic thought in the XIXth century :
9789048182282	EBL437989	1.0	1.0	Multiculturalism and social cohesion :
9789048182282	9781402099571	1.0	1.0	Multiculturalism and social cohesion :
9789048182213	EBL437885	1.0	1.0	Linking competence to opportunities to learn :
9789048182206	9781402099014	1.0	1.0	Waste input-output analysis :
9789048182206	303997265	1.0	1.0	Waste input-output analysis :
9789048182169	EBL450814	1.0	1.0	Integrated nutrient management (INM) in a sustainable rice-wheat cropping system /
9789048182169	9781402098741	1.0	1.0	Integrated nutrient management (INM) in a sustainable rice-wheat cropping system /
9789048182015	EBL450583	1.0	1.0	Learning, work and social responsibility :
9789048182015	9781402097584	1.0	1.0	Learning, work and social responsibility :
9789048181988	EBL428799	1.0	1.0	School district leadership matters /
9789048181988	9781402097461	1.0	1.0	School district leadership matters /
9789048181940	9781402097348	1.0	1.0	Narrative life :
9789048181780	9781402096518	1.0	1.0	Race, rights, and justice /
9789048181728	EBL429100	1.0	1.0	Critical appraisal of physical science as a human enterprise :
9789048181728	9781402096259	1.0	1.0	Critical appraisal of physical science as a human enterprise :
9789048181711	9781402096228	1.0	1.0	Hardware software co-design of a multimedia SOC platform /
9789048181650	EBL417414	1.0	1.0	Logic functions and equations :
9789048181650	304876801	1.0	1.0	Logic functions and equations :
9789048181612	EBL428808	1.0	1.0	Coping with water scarcity :
9789048181582	EBL429061	1.0	1.0	The retreat from public education :
9789048181582	9781402095696	1.0	1.0	The retreat from public education :
9789048181575	EBL429076	1.0	1.0	A theory of epistemic justification /
9789048181568	EBL418171	1.0	1.0	History of research on tumor angiogenesis /
9789048181568	9781402095597	1.0	1.0	History of research on tumor angiogenesis /
9789048181544	9781402095528	1.0	1.0	Origins and successors of the compact disc /
9789048181452	EBL438024	1.0	1.0	Self-study of practice as a genre of qualitative research :
9789048181452	9781402095115	1.0	1.0	Self-study of practice as a genre of qualitative research :
9789048181346	EBL450878	1.0	1.0	Bounded rationality and public policy :
9789048181346	9781402094729	1.0	1.0	Bounded rationality and public policy :
9789048181230	EBL437873	1.0	1.0	Teacher professional learning in an age of compliance :
9789048181179	9781402093838	1.0	1.0	From a geometrical point of view :
9789048181131	EBL428818	1.0	1.0	Drama and curriculum :
9789048181131	9781402093692	1.0	1.0	Drama and curriculum :
9789048181025	EBL418236	1.0	1.0	Seeking integrity in teacher education :
9789048181001	9781402092961	1.0	1.0	Language-driven exploration and implementation of partially re-configurable ASIPs /
9789048180950	EBL429080	1.0	1.0	Relationships of natural enemies and non-prey foods /
9789048180936	EBL418132	1.0	1.0	The welfare of animals :
9789048180912	9781402092077	1.0	1.0	Modelling ocean climate variability /
9789048180851	9789048179909	1.0	1.0	Who one is.
9789048180813	EBL418103	1.0	1.0	The politics of adoption :
9789048180813	EBL259438	1.0	1.0	The politics of adoption :
9789048180813	9781402091513	1.0	1.0	The politics of adoption :
9789048180745	9781402091155	1.0	1.0	State of the world's oceans /
9789048180639	EBL371877	1.0	1.0	Freedom and value :
9789048180639	9781402090769	1.0	1.0	Freedom and value :
9789048180424	9781402089800	1.0	1.0	21st century literacy :
9789048180417	9781402089787	1.0	1.0	Electronics system design techniques for safety critical applications /
9789048180332	9781402089473	1.0	1.0	Water requirements for irrigation and the environment /
9789048180233	EBL417807	1.0	1.0	It's great! Oops, no it isn't /
9789048180202	9781402088940	1.0	1.0	Physics and modelling of wind erosion /
9789048180202	284445622	1.0	1.0	Physics and modelling of wind erosion /
9789048180202	118740393	1.0	1.0	Physics and modelling of wind erosion /
9789048180189	9781402088902	1.0	1.0	Language policy and nation-building in post-apartheid south africa /
9789048180189	327001089	1.0	1.0	Language policy and nation-building in post-apartheid south africa /
9789048180127	EBL364133	1.0	1.0	Hilbert space operators in quantum physics /
9789048180127	9781402088698	1.0	1.0	Hilbert space operators in quantum physics /
9789048180127	048887781	1.0	1.0	Hilbert space operators in quantum physics /
9789048180103	9781402088650	1.0	1.0	Thinking about life :
9789048180073	301142793	1.0	1.0	Physics of tsunamis /
9789048179916	EBL417995	1.0	1.0	German idealism and the problem of knowledge: :
9789048179916	9781402087998	1.0	1.0	German idealism and the problem of knowledge: :
9789048179831	9781402087752	1.0	1.0	Russian models from the mechanisms collection of Bauman University /
9789048179718	327001046	1.0	1.0	Structural analysis with the finite element method :
9789048179626	323632793	1.0	1.0	Principles of soil conservation and management /
9789048179602	EBL364094	1.0	1.0	Brain-computer interfaces :
9789048179541	EBL372760	1.0	1.0	Socioeconomic differences in old age mortality /
9789048179541	9781402086915	1.0	1.0	Socioeconomic differences in old age mortality /
9789048179480	EBL886114	1.0	1.0	On integrating unmanned aircraft systems into the national airspace system /
9789048179480	9789400724785	1.0	1.0	On integrating unmanned aircraft systems into the national airspace system /
9789048179480	355109808	1.0	1.0	On integrating unmanned aircraft systems into the national airspace system /
9789048179428	9781402086434	1.0	1.0	Ane's encyclopedic dictionary of general and applied entomology /
9789048179367	9781402086236	1.0	1.0	A practical guide to ecological modelling :
9789048179367	288066456	1.0	1.0	A practical guide to ecological modelling :
9789048179350	EBL371285	1.0	1.0	A geometry of approximation :
9789048179350	287604926	1.0	1.0	A geometry of approximation :
9789048179312	9781402086038	1.0	1.0	Competence and vulnerability in biomedical research /
9789048179190	EBL367583	1.0	1.0	Wastewater treatment in constructed wetlands with horizontal sub-surface flow /
9789048179190	9781402085796	1.0	1.0	Wastewater treatment in constructed wetlands with horizontal sub-surface flow /
9789048178902	EBL367397	1.0	1.0	Ingredients for successful system level design methodology /
9789048178902	9781402084713	1.0	1.0	Ingredients for successful system level design methodology /
9789048178872	EBL367305	1.0	1.0	Critical pedagogy and the everyday classroom /
9789048178872	9781402084621	1.0	1.0	Critical pedagogy and the everyday classroom /
9789048178667	EBL367466	1.0	1.0	Organizing schools for productive learning /
9789048178667	9781402083945	1.0	1.0	Organizing schools for productive learning /
9789048178629	EBL364069	1.0	1.0	Developing students' statistical reasoning :
9789048178629	9781402083822	1.0	1.0	Developing students' statistical reasoning :
9789048178605	EBL372192	1.0	1.0	Logic in reality /
9789048178599	EBL372903	1.0	1.0	The forest and the city :
9789048178599	9781402083709	1.0	1.0	The forest and the city :
9789048178575	EBL372083	1.0	1.0	International documents on environmental liability /
9789048178568	EBL371852	1.0	1.0	Forest policies and social change in England /
9789048178568	9781402083648	1.0	1.0	Forest policies and social change in England /
9789048178193	EBL364553	1.0	1.0	Molecular biology in plant pathogenesis and disease management: :
9789048178193	EBL364551	1.0	1.0	Molecular biology in plant pathogenesis and disease management: :
9789048178186	EBL364553	1.0	1.0	Molecular biology in plant pathogenesis and disease management: :
9789048178186	EBL364551	1.0	1.0	Molecular biology in plant pathogenesis and disease management: :
9789048178186	9789048178193	1.0	1.0	Molecular biology in plant pathogenesis and disease management: :
9789048178186	9789048178179	1.0	1.0	Molecular biology in plant pathogenesis and disease management: :
9789048178179	EBL364553	1.0	1.0	Molecular biology in plant pathogenesis and disease management :
9789048178179	EBL364551	1.0	1.0	Molecular biology in plant pathogenesis and disease management :
9789048178179	9789048178193	1.0	1.0	Molecular biology in plant pathogenesis and disease management :
9789048178100	EBL364433	1.0	1.0	The metaphysics of memory /
9789048177936	EBL371754	1.0	1.0	Encyclopedia of South American aquatic insects: Odonata - zygoptera :
9789048177936	9781402081750	1.0	1.0	Encyclopedia of South American aquatic insects: Odonata - zygoptera :
9789048177813	EBL371524	1.0	1.0	Changing forests :
9789048177813	9781402069765	1.0	1.0	Changing forests :
9789048177783	9781402069659	1.0	1.0	Quantitative eco-nomics :
9789048177783	278272444	1.0	1.0	Quantitative eco-nomics :
9789048177608	9781402069093	1.0	1.0	Successful science and engineering teaching :
9789048177554	EBL372693	1.0	1.0	Rural retirement migration /
9789048177554	9781402068942	1.0	1.0	Rural retirement migration /
9789048177554	338821589	1.0	1.0	Rural retirement migration /
9789048177332	EBL338169	1.0	1.0	The environmental movement in Ireland /
9789048177295	9781402067969	1.0	1.0	An introductory philosophy of medicine :
9789048177271	9781402067860	1.0	1.0	Decision support for forest management /
9789048176908	EBL337760	1.0	1.0	The private sphere :
9789048176847	288175247	1.0	1.0	Introduction to ultra wideband for wireless communications /
9789048176830	287790711	1.0	1.0	Voice over IP in wireless heterogeneous networks :
9789048176823	9781402066269	1.0	1.0	Practical problems in VLSI physical design automation /
9789048176670	EBL338469	1.0	1.0	Carbon inventory methods :
9789048176465	EBL338080	1.0	1.0	Network-centric service oriented enterprise /
9789048176236	EBL373043	1.0	1.0	Turbo-like codes /
9789048176168	EBL338599	1.0	1.0	Selection methods in plant breeding /
9789048176144	323630529	1.0	1.0	On the interpretation of treaties :
9789048176144	265209463	1.0	1.0	On the interpretation of treaties :
9789048175840	32363043X	1.0	1.0	Law as symbolic form :
9789048175840	265145341	1.0	1.0	Law as symbolic form :
9789048175819	323630421	1.0	1.0	Experiment and natural philosophy in seventeenth-century Tuscany :
9789048175796	9781402062407	1.0	1.0	Principles and technical aspects of PCR amplification /
9789048175758	EBL337925	1.0	1.0	Man as a place of god /
9789048175758	323630405	1.0	1.0	Man as a place of god /
9789048175734	EBL338614	1.0	1.0	Positive interactions and interdependence in plant communities /
9789048175734	265087414	1.0	1.0	Positive interactions and interdependence in plant communities /
9789048175659	EBL338422	1.0	1.0	Formal ontology and conceptual realism /
9789048175659	323630383	1.0	1.0	Formal ontology and conceptual realism /
9789048175567	EBL338374	1.0	1.0	Information and knowledge :
9789048175505	267153589	1.0	1.0	Global specification and validation of embedded systems /
9789048175321	323630189	1.0	1.0	Rethinking inclusive education: the philosophers of difference in practice /
9789048175314	266852580	1.0	1.0	Introduction to reconfigurable computing /
9789048175253	EBL371803	1.0	1.0	Exploring C for microcontrollers /
9789048175116	EBL337612	1.0	1.0	The descent of human sex ratio at birth :
9789048175116	32363012X	1.0	1.0	The descent of human sex ratio at birth :
9789048175086	EBL371460	1.0	1.0	Biogeochemistry of trace elements in arid environments /
9789048175086	263129918	1.0	1.0	Biogeochemistry of trace elements in arid environments /
9789048174904	EBL371853	1.0	1.0	Forest strategy :
9789048174751	EBL371441	1.0	1.0	Becoming an urban physics and math teacher :
9789048174751	323629970	1.0	1.0	Becoming an urban physics and math teacher :
9789048174652	EBL337529	1.0	1.0	Theory of legal principles /
9789048174607	EBL301922	1.0	1.0	How to think about meaning /
9789048174607	323629903	1.0	1.0	How to think about meaning /
9789048174584	323629881	1.0	1.0	Formalizing Medieval logical theories :
9789048174584	265066549	1.0	1.0	Formalizing Medieval logical theories :
9789048174447	323629792	1.0	1.0	Code-switching in bilingual children /
9789048174393	EBL371295	1.0	1.0	A problem-based approach for management education :
9789048174393	323629768	1.0	1.0	A problem-based approach for management education :
9789048174287	EBL301778	1.0	1.0	Optimized ASIP synthesis from architecture description language models /
9789048174102	EBL301817	1.0	1.0	Multilevel synthesis :
9789048174102	32362961X	1.0	1.0	Multilevel synthesis :
9789048174072	260589659	1.0	1.0	Building an enterprise architecture practice :
9789048174058	EBL323199	1.0	1.0	A biomass future for the North American great plains :
9789048174003	323629563	1.0	1.0	Lifelong learning - signs, discourses, practices /
9789048173969	EBL301974	1.0	1.0	Portraits of influential Chinese educators /
9789048173969	323629555	1.0	1.0	Portraits of influential Chinese educators /
9789048173914	EBL372911	1.0	1.0	The governance of British higher education :
9789048173914	323629512	1.0	1.0	The governance of British higher education :
9789048173884	EBL301814	1.0	1.0	Co-design for system acceleration /
9789048173631	EBL322603	1.0	1.0	About life /
9789048173358	323629326	1.0	1.0	Disciplines and doctorates /
9789048173334	256108358	1.0	1.0	Groundwater recharge from run-off, infiltration and percolation /
9789048173242	EBL372112	1.0	1.0	Issues in theoretical diversity :
9789048173204	EBL371733	1.0	1.0	Education and the public interest :
9789048173198	EBL372524	1.0	1.0	Possibility, agency, and individuality in Leibniz's metaphysics /
9789048173198	323629253	1.0	1.0	Possibility, agency, and individuality in Leibniz's metaphysics /
9789048173167	EBL373121	1.0	1.0	Working through barriers :
9789048173167	323629237	1.0	1.0	Working through barriers :
9789048173150	EBL301888	1.0	1.0	Dynamic population models /
9789048173136	323629199	1.0	1.0	A life (un)worthy of living /
9789048173112	323629164	1.0	1.0	Efficiency, justice and care :
9789048172979	EBL323755	1.0	1.0	Higher education and graduate employment in Europe :
9789048172962	283441348	1.0	1.0	The evolution of biotechnology :
9789048172955	EBL323767	1.0	1.0	How ficta follow fiction :
9789048172801	323629008	1.0	1.0	Thought-contents :
9789048172535	25639055X	1.0	1.0	Positive operators /
9789048172511	EBL324821	1.0	1.0	Why care for nature? /
9789048172450	EBL301808	1.0	1.0	Alternative education :
9789048172450	323628869	1.0	1.0	Alternative education :
9789048172443	EBL323312	1.0	1.0	Contemporary reflections on business ethics /
9789048172351	EBL323258	1.0	1.0	Character evidence /
9789048172320	254410928	1.0	1.0	Methods of legal reasoning /
9789048172290	EBL303642	1.0	1.0	Professional development for leaders and managers of self-governing schools /
9789048172009	EBL303629	1.0	1.0	Fast, efficient and predictable memory accesses /
9789048172009	253711401	1.0	1.0	Fast, efficient and predictable memory accesses /
9789048171965	EBL371753	1.0	1.0	Encyclopedia of south american aquatic insects: odonata - anisoptera /
9789048171767	EBL303607	1.0	1.0	The context of constitution :
9789048171712	EBL303602	1.0	1.0	Cross-linguistic variation in sentence processing :
9789048171620	EBL303593	1.0	1.0	Technical translation :
9789048171620	254921973	1.0	1.0	Technical translation :
9789048171613	EBL303589	1.0	1.0	Informing digital futures :
9789048171477	EBL303570	1.0	1.0	The taste for ethics /
9789048171354	253222109	1.0	1.0	Balkan sprachbund morpho-syntactic features /
9789048171224	255440057	1.0	1.0	Nonlinear ill-posed problems of monotone type /
9789048171125	EBL303532	1.0	1.0	Dynamic trip modelling :
9789048171118	250448440	1.0	1.0	Case and linking in language comprehension :
9789048171040	EBL303523	1.0	1.0	Reflections on the problem of consciousness /
9789048170968	259495522	1.0	1.0	Being apart from reasons /
9789048170654	266927696	1.0	1.0	Hegel's idea of the good life /
9789048170517	EBL337361	1.0	1.0	Tough on criminal wealth :
9789048170487	EBL303472	1.0	1.0	Body and practice in kant /
9789048170470	EBL338174	1.0	1.0	Human-like biomechanics :
9789048170432	250601648	1.0	1.0	Moral dilemmas in real life :
9789048170388	EBL303465	1.0	1.0	An American scientist on the research frontier :
9789048170326	259088110	1.0	1.0	A primer on environmental decision-making :
9789048170081	EBL303437	1.0	1.0	Action and responsibility /
9789048170050	254730086	1.0	1.0	The concept of rights /
9789048169924	120471779	1.0	1.0	Anaphora and type logical grammar /
9789048169870	EBL303413	1.0	1.0	Yearning for form and other essays on Hermann Cohen's thought /
9789048169818	EBL303407	1.0	1.0	The turn :
9789048169580	EBL259401	1.0	1.0	Philosophy, science, education and culture /
9789048169573	EBL303383	1.0	1.0	Intelligent document retrieval :
9789048169535	EBL303377	1.0	1.0	Medical law and moral rights /
9789048169443	EBL303369	1.0	1.0	Signs of logic :
9789048169399	EBL303363	1.0	1.0	Hebrew scholasticism in the fifteenth century :
9789048169382	119462850	1.0	1.0	Citation analysis in research evaluation /
9789048169153	120997231	1.0	1.0	Manage it! :
9789048169108	EBL303338	1.0	1.0	New paradigm for re-engineering education :
9789048169016	EBL259441	1.0	1.0	The sphere of attention :
9789048168897	25413484X	1.0	1.0	Studies in legal logic /
9789048168866	257262059	1.0	1.0	Fundamentals of protein NMR spectroscopy /
9789048168774	EBL256740	1.0	1.0	Forest policy analysis /
9789048168606	EBL372363	1.0	1.0	Neo-liberalism, globalization, and human capital learning :
9789048168583	EBL303270	1.0	1.0	Geometry of principal sheaves /
9789048168552	EBL303263	1.0	1.0	Leibniz and the natural world :
9789048168538	EBL303261	1.0	1.0	From the act of judging to the sentence :
9789048168392	EBL303240	1.0	1.0	Analogy in Indian and Western philosophical thought /
9789048168057	EBL993117	1.0	1.0	OZONE a new medical drug /
9789048167982	EBL1204498	1.0	1.0	Iterative methods for approximate solution of inverse problems /
9789048167876	EBL303178	1.0	1.0	Sustainable energy consumption and society :
9789048167821	064025179	1.0	1.0	Philosophia perennis :
9789048167715	121130800	1.0	1.0	Knowledge discovery from legal databases /
9789048167647	EBL1204492	1.0	1.0	I am you :
9789048167579	EBL238609	1.0	1.0	Handbook to the construction and use of insect collection and rearing devices /
9789048167562	116273984	1.0	1.0	Medical benefit and the human lottery :
9789048167531	EBL1204489	1.0	1.0	The design of a practical enterprise safety management system /
9789048166862	EBL303126	1.0	1.0	The coherence of kant's transcendental idealism /
9789048166787	EBL1204460	1.0	1.0	The ethics of proportionate punishment :
9789048166763	EBL234472	1.0	1.0	Mirror geometry of lie algebras, lie groups and homogeneous spaces /
9789048166596	112731066	1.0	1.0	Childbearing trends and prospects in low-fertility countries :
9789048166190	EBL222775	1.0	1.0	Geometric data analysis :
9789048166114	EBL225182	1.0	1.0	Business processes :
9789048165964	256695962	1.0	1.0	Theory of complex homogeneous bounded domains /
9789048165728	EBL197993	1.0	1.0	Self and substance in Leibniz /
9789048164264	113305966	1.0	1.0	Intelligent control of robotic systems /
9789048164042	107770423	1.0	1.0	The alfonsine tables of toledo /
9789048163960	107345056	1.0	1.0	The life cycle of copper, its co-products and byproducts /
9789048163625	111199972	1.0	1.0	Handbook of elasticity solutions /
9789048163588	9789401737951	1.0	1.0	Textbook of healthcare ethics /
9789048163304	259498181	1.0	1.0	Autonomy, freedom and rights :
9789048162666	9789401741729	1.0	1.0	A guide to protein isolation /
9789048162642	110393457	1.0	1.0	The principle of legal certainty in EC law /
9789048162543	10706426X	1.0	1.0	Cellular neural networks :
9789048162475	103957855	1.0	1.0	The neurological basis of learning, development and discovery :
9789048162376	062956396	1.0	1.0	The brain without oxygen :
9789048162154	284683698	1.0	1.0	Nonlinear difference equations :
9789048161874	106986406	1.0	1.0	The new era of aids :
9789048161782	102565384	1.0	1.0	Is death ever preferable to life? /
9789048161669	101538480	1.0	1.0	An institutional basis for environmental stewardship :
9789048161614	103600329	1.0	1.0	The different faces of autonomy :
9789048161553	106534890	1.0	1.0	Hazardous decisions :
9789048161171	103546235	1.0	1.0	Algorithmic principles of mathematical programming /
9789048161058	103119175	1.0	1.0	Explanatory translation :
9789048160938	EBL971866	1.0	1.0	The psychology of quality of life /
9789048160938	9789400744042	1.0	1.0	The psychology of quality of life /
9789048160938	367687593	1.0	1.0	The psychology of quality of life /
9789048160518	105839973	1.0	1.0	Moral beliefs and moral theory /
9789048160273	101376405	1.0	1.0	Ten lectures on statistical and structural pattern recognition /
9789048159413	109557840	1.0	1.0	Design of dependable computing systems /
9789048159123	107328127	1.0	1.0	Plasticity and textures /
9789048159079	096711590	1.0	1.0	Responsible genetics :
9789048158959	097848123	1.0	1.0	Mental health :
9789048158898	102711623	1.0	1.0	Conscience and love in making judicial decisions /
9789048158546	10698599X	1.0	1.0	Ethics and law in modern medicine :
9789048157907	034372059	1.0	1.0	Bayesian statistics in actuarial science :
9789048157846	261841580	1.0	1.0	The internationalization of the Japanese economy /
9789048157266	09747942X	1.0	1.0	Justifying taxes :
9789048157037	10448926X	1.0	1.0	Multivariate spline functions and their applications /
9789048156627	099154013	1.0	1.0	The plastic anisotropy in single crystals and polycrystalline metals /
9789048156306	094692238	1.0	1.0	Landmark-based image analysis :
9789048156160	258205229	1.0	1.0	A course in mathematical and statistical ecology /
9789048156054	106985914	1.0	1.0	Preventive medicine between obligation and aspiration /
9789048155484	087911760	1.0	1.0	Aspect in english :
9789048155330	EBL301769	1.0	1.0	Environmental and resource valuation with revealed preferences /
9789048155149	088350207	1.0	1.0	The dynamics and evolution of social systems :
9789048155071	089053729	1.0	1.0	Triangular norms /
9789048154845	091531292	1.0	1.0	The AIDS crisis and the modern self :
9789048154616	087401630	1.0	1.0	Import tariffs as environmental policy instruments /
9789048154456	287479978	1.0	1.0	The notion of an ideal audience in legal argument /
9789048154265	086209558	1.0	1.0	The syntax-phonology interface in focus and topic constructions in Italian /
9789048154135	106985817	1.0	1.0	Autonomy and clinical medicine :
9789048154128	089269691	1.0	1.0	Action, ability and health :
9789048153886	084760834	1.0	1.0	In defense of informal logic /
9789048153626	EBL973519	1.0	1.0	Principles of renal physiology /
9789048153626	041904842	1.0	1.0	Principles of renal physiology /
9789048153442	082450064	1.0	1.0	Verb movement and the syntax of Kashmiri /
9789048153367	084819049	1.0	1.0	Algebraic foundations of many-valued reasoning /
9789048152797	260980161	1.0	1.0	Offshore risk assessment :
9789048152797	096679158	1.0	1.0	Offshore risk assessment :
9789048151929	097023728	1.0	1.0	Fractures and fracture networks /
9789048151875	081536054	1.0	1.0	Mathematical intuitionism and intersubjectivity :
9789048151424	079625126	1.0	1.0	The method of volume averaging /
9789048151325	072574224	1.0	1.0	The mandarin vp /
9789048151264	077786890	1.0	1.0	The natural background of meaning /
9789048151257	085480614	1.0	1.0	A textbook of belief dynamics :
9789048151165	070864721	1.0	1.0	Topic-focus articulation, tripartite structures, and semantic content /
9789048151158	07780807X	1.0	1.0	Migrations of fines in porous media /
9789048150960	090491408	1.0	1.0	Introduction to vertex operator superalgebras and their modules /
9789048150557	068778449	1.0	1.0	Heidegger and Leibniz :
9789048150441	068629648	1.0	1.0	The moment of change :
9789048150083	066994683	1.0	1.0	Extending deontic logic for the formalisation of legal rules /
9789048149902	06544941X	1.0	1.0	Knowledge and reality :
9789048149841	065411277	1.0	1.0	John gregory and the invention of professional medical ethics and the profession of medicine /
9789048149759	068431341	1.0	1.0	Finite element analysis for composite structures /
9789048149490	065415280	1.0	1.0	Autonomy, authority and moral responsibility /
9789048149414	064352749	1.0	1.0	Incomplete category fronting :
9789048149391	063628643	1.0	1.0	Soviet historiography of philosophy :
9789048149315	062784315	1.0	1.0	Marcus contextual grammars /
9789048149018	066006619	1.0	1.0	Applications of continuous mathematics to computer science /
9789048148875	063855291	1.0	1.0	Mathematics of data fusion /
9789048148660	061322792	1.0	1.0	Noun phrases and nominalizations :
9789048148424	071093141	1.0	1.0	Theory of didactical situations in mathematics :
9789048148288	061746150	1.0	1.0	Economic rationality and practical reason /
9789048148141	060651458	1.0	1.0	An approach to rights :
9789048147441	055727794	1.0	1.0	Case absorption and wh-agreement /
9789048147168	053752708	1.0	1.0	Locality in WH quantification :
9789048147137	058117318	1.0	1.0	A course in stochastic processes :
9789048147090	060727349	1.0	1.0	Exploring risk communication /
9789048147007	052726835	1.0	1.0	Aristotle's idea of the soul /
9789048146994	054859344	1.0	1.0	Models of economic growth with environmental assets /
9789048146659	058006664	1.0	1.0	The forgotten pollution /
9789048146413	050874756	1.0	1.0	Interrogative phrases and the syntax-semantics interface /
9789048146406	04967448X	1.0	1.0	Tense, attitudes, and scope /
9789048146277	052448487	1.0	1.0	Population and development :
9789048146185	050415913	1.0	1.0	Doing worlds with words :
9789048145935	048753564	1.0	1.0	Emotion in aesthetics /
9789048145294	04468830X	1.0	1.0	Logic and lexicon :
9789048144778	04733410X	1.0	1.0	Fundamentals of uncertainty calculi with applications to fuzzy inference /
9789048144631	045143684	1.0	1.0	Synthesis and backward reference in Husserl's logical investigations /
9789048144402	047384956	1.0	1.0	Convex functions and optimization methods on Riemannian manifolds /
9789048144044	082855072	1.0	1.0	Non-additive measure and integral /
9789048144044	041195361	1.0	1.0	Non-additive measure and integral /
9789048143634	041155076	1.0	1.0	The geography of innovation /
9789048143108	036484679	1.0	1.0	The language of propositions and events :
9789048142989	039301192	1.0	1.0	Integrating economics, ecology and thermodynamics /
9789048142965	039018822	1.0	1.0	Triangular norm-based measures and games with fuzzy coalitions /
9789048142712	041888901	1.0	1.0	Fundamentals of convex analysis :
9789048141845	041518705	1.0	1.0	Differential and integral equations through practical problems and exercises /
9789048141814	030924987	1.0	1.0	Environment and development :
9789048141463	030288959	1.0	1.0	Metaphor and cognition :
9789048141166	02995701X	1.0	1.0	Galileo's logical treatises :
9789048141029	028293339	1.0	1.0	Dynamic international oil markets :
9789048140862	030456037	1.0	1.0	Computational methods for general sparse matrices /
9789048140473	EBL1040330	1.0	1.0	Decision theory and decision behaviour :
9789048140473	019452292	1.0	1.0	Decision theory and decision behaviour :
9789048140237	095513124	1.0	1.0	Cavity expansion methods in geomechanics /
9789048138999	9789400731974	1.0	1.0	Technical functions :
9789048137268	9789400731806	1.0	1.0	CMOS capacitive sensors for lab-on-chip applications :
9789048137190	9789048127818	1.0	1.0	Sustainable retail development /
9789048137190	327019417	1.0	1.0	Sustainable retail development /
9789048135196	9789400731929	1.0	1.0	Spectral methods for uncertainty quantification :
9789048133970	9789400731325	1.0	1.0	Locality domains in the spanish determiner phrase /
9789048133451	EBL510778	1.0	1.0	The collected works of Aron Gurwitsch (1901-1973).
9789048133154	9789400731509	1.0	1.0	Child perspectives and children's perspectives in theory and practice /
9789048132454	9789400731233	1.0	1.0	Logic and philosophy of mathematics in the early husserl /
9789048132034	EBL302713	1.0	1.0	The construction of new mathematical knowledge in classroom interaction :
9789048131976	9789400718258	1.0	1.0	The fertility transition in Iran :
9789048131617	9789400731189	1.0	1.0	Expression and interpretation of negation :
9789048130238	EBL367304	1.0	1.0	Creative model construction in scientists and students :
9789048130207	9789400730595	1.0	1.0	Technology, transgenics and a practical moral code /
9789048129119	EBL511580	1.0	1.0	Grid generation methods /
9789048129119	9789400730786	1.0	1.0	Grid generation methods /
9789048128686	9781402087646	1.0	1.0	Non-equilibrium phase transitions.
9789048128686	285174304	1.0	1.0	Non-equilibrium phase transitions.
9789048126071	9789400736733	1.0	1.0	Learning to be professionals /
9789048125272	9789400731608	1.0	1.0	One legacy of Paul F. Brandwein :
9789048125074	9789400705227	1.0	1.0	Moral acquaintances and moral decisions :
9789048124664	9789400736719	1.0	1.0	Impacts of point polluters on terrestrial biota :
9789048124640	9789400726062	1.0	1.0	Biological control of rice diseases /
9789048124022	9789048184972	1.0	1.0	Quantum causality :
9789048123827	9789400714014	1.0	1.0	Energy resources and systems.
9789048123827	347109829	1.0	1.0	Energy resources and systems.
9789048123698	9789048184927	1.0	1.0	Ethics in cyberspace :
9789048123179	31387901X	1.0	1.0	Memory in the ontopoesis of life :
9789048123070	EBL337632	1.0	1.0	Whiteness and class in education /
9789048123070	323630200	1.0	1.0	Whiteness and class in education /
9789048123070	26781562X	1.0	1.0	Whiteness and class in education /
9789048122509	9789048184804	1.0	1.0	Turbulence nature and the inverse problem /
9789042036710	080548024	1.0	1.0	A dictionary of Tocharian B /
9789042033634	EBL713111	1.0	1.0	Selected writings on Slavic and general linguistics /
9789041141255	281565767	1.0	1.0	The rule of law in Japan :
9789041134370	337013233	1.0	1.0	Compensation for environmental damages under International law :
9789041132697	9789041147769	1.0	1.0	International arbitration and forum selection agreements :
9789027256119	EBL688905	1.0	1.0	Making requests by Chinese EFL learners /
9789027256096	EBL670245	1.0	1.0	The Japanese sentence-final particles in talk-in-interaction /
9789027256089	EBL670249	1.0	1.0	Represented discourse, resonance and stance in joking interaction in Mexican Spanish /
9789027256041	EBL623352	1.0	1.0	Expressing opinions in French and Australian English discourse :
9789027256027	EBL623364	1.0	1.0	The interactional organization of academic talk :
9789027255457	373536461	1.0	1.0	The processing of events /
